{
  "version": 1,
  "author": "COD",
  "editor": "wokwi",
  "parts": [
    { "type": "board-st-nucleo-c031c6", "id": "nucleo", "top": 0.83, "left": -0.98, "attrs": {} },
    {
      "type": "wokwi-led",
      "id": "led1",
      "top": 111.6,
      "left": 301.4,
      "attrs": { "color": "red" }
    },
    {
      "type": "wokwi-resistor",
      "id": "r1",
      "top": 167.15,
      "left": 268.8,
      "attrs": { "value": "1000" }
    },
    {
      "type": "wokwi-pushbutton",
      "id": "btn1",
      "top": 188.6,
      "left": -86.4,
      "attrs": { "color": "green" }
    },
    {
      "type": "wokwi-resistor",
      "id": "r2",
      "top": 147.95,
      "left": -86.4,
      "attrs": { "value": "1000" }
    }
  ],
  "connections": [
    [ "$serialMonitor:TX", "nucleo:PA3", "", [] ],
    [ "$serialMonitor:RX", "nucleo:PA2", "", [] ],
    [ "nucleo:PA5", "nucleo:PC15", "green", [ "h0" ] ],
    [ "r1:1", "nucleo:PC15", "green", [ "v0" ] ],
    [ "r1:2", "led1:A", "green", [ "v0" ] ],
    [ "nucleo:GND.8", "nucleo:PA3", "black", [ "h0" ] ],
    [ "led1:C", "nucleo:PA3", "green", [ "v0" ] ],
    [ "nucleo:GND.2", "nucleo:PA14", "black", [ "h0" ] ],
    [ "r2:2", "nucleo:PA14", "green", [ "v0" ] ],
    [ "btn1:2.l", "r2:1", "green", [ "h-28.8", "v-67" ] ],
    [ "nucleo:PC13", "btn1:2.r", "green", [ "h0" ] ],
    [ "nucleo:3V3.2", "btn1:1.l", "red", [ "h-58.13", "v-18.37", "h-76.8" ] ]
  ],
  "dependencies": {}
}