{
  "version": 1,
  "author": "Salai Rajkanna",
  "editor": "wokwi",
  "parts": [
    { "type": "board-st-nucleo-c031c6", "id": "nucleo", "top": 0.83, "left": -77.78, "attrs": {} },
    { "type": "wokwi-7segment", "id": "sevseg1", "top": 148.98, "left": 293.08, "attrs": {} }
  ],
  "connections": [
    [ "$serialMonitor:TX", "nucleo:PA3", "", [] ],
    [ "$serialMonitor:RX", "nucleo:PA2", "", [] ],
    [ "sevseg1:DP", "nucleo:PB7", "green", [ "v105.6", "h-172.8" ] ],
    [ "nucleo:PB6", "sevseg1:G", "green", [ "h-12.25", "v48", "h220.8", "v-249.6", "h-76.8" ] ],
    [ "nucleo:PB3", "sevseg1:D", "green", [ "h0" ] ],
    [ "nucleo:PB4", "sevseg1:E", "green", [ "h0" ] ],
    [ "sevseg1:F", "nucleo:PB5", "green", [ "v-8.76", "h-28.8", "v96" ] ],
    [ "sevseg1:C", "nucleo:PB2", "green", [ "v57.6", "h-105.6", "v-86.4" ] ],
    [ "nucleo:5V.3", "sevseg1:COM.2", "red", [ "v-19.2", "h141.35" ] ],
    [ "sevseg1:COM.1", "nucleo:5V.3", "green", [ "h0" ] ],
    [ "nucleo:PB1", "sevseg1:B", "green", [ "h9.6", "v38.4", "h403.2", "v-163.2" ] ],
    [ "nucleo:PB0.1", "sevseg1:A", "green", [ "h16.55", "v9.6", "h172.8", "v-163.2", "h-19.2" ] ]
  ],
  "dependencies": {}
}